{
    "loss": 0.35463565587997437,
    "accuracy": 0.8561151027679443
}